item_id,category,definition,gloss,uni_lemma,language
item_1,sounds,beee,baa baa (sheep),baa baa,Hungarian
item_2,sounds,brekeke,ribbit (frog),,Hungarian
item_3,sounds,brumm,grrr (bear),grrr,Hungarian
item_4,sounds,cin,squeak (mouse),squeak,Hungarian
item_5,sounds,csihuhu,choo-choo (train),choo choo,Hungarian
item_6,sounds,gá-gá,honk (goose),,Hungarian
item_7,sounds,háp-háp,quack quack (duck),quack quack,Hungarian
item_8,sounds,ham-ham,yum yum,yum yum,Hungarian
item_9,sounds,hoppá,oops,,Hungarian
item_10,sounds,hu-hu,whoo-whoo (owl),,Hungarian
item_11,sounds,jaj,ouch,ouch,Hungarian
item_12,sounds,kukurikú,cockadoodledoo (rooster),cockadoodledoo,Hungarian
item_13,sounds,mak,squeak (rabbit),squeak,Hungarian
item_14,sounds,mek,naa (goat),,Hungarian
item_15,sounds,miaú,meow (cat),meow,Hungarian
item_16,sounds,mú,moo (cow),moo,Hungarian
item_17,sounds,nyamm,yum yum,yum yum,Hungarian
item_18,sounds,nyihaha,neigh (horse),neigh,Hungarian
item_19,sounds,nínó,wee-woo (ambulance),,Hungarian
item_20,sounds,pá-pá,bye-bye (goodbye),,Hungarian
item_21,sounds,pi-pi,chirp (chicken),,Hungarian
item_22,sounds,tü-tű,honk (car horn),,Hungarian
item_23,sounds,röf-röf,oink (pig),oink,Hungarian
item_24,sounds,vaú-vaú,woof woof,woof woof,Hungarian
item_25,animals,állat,animal,animal,Hungarian
item_26,animals,bagoly,owl,owl,Hungarian
item_27,animals,bárány,sheep,sheep,Hungarian
item_28,animals,béka,frog,frog,Hungarian
item_29,animals,boci,calf,calf,Hungarian
item_30,animals,bogár,bug,bug,Hungarian
item_31,animals,cica,kitty,kitty,Hungarian
item_32,animals,csacsi,neddy,,Hungarian
item_33,animals,csirke,chicken,chicken (animal),Hungarian
item_34,animals,egér,mouse,mouse,Hungarian
item_35,animals,elefánt,elephant,elephant,Hungarian
item_36,animals,farkas,wolf,wolf,Hungarian
item_37,animals,hal,fish,fish (animal),Hungarian
item_38,animals,hangya,ant,ant,Hungarian
item_39,animals,kacsa,duck,duck,Hungarian
item_40,animals,kakas,rooster,rooster,Hungarian
item_41,animals,kecske,goat,goat,Hungarian
item_42,animals,krokodil,alligator,,Hungarian
item_43,animals,kutya,dog,dog,Hungarian
item_44,animals,lepke,butterfly,butterfly,Hungarian
item_45,animals,liba,goose,goose,Hungarian
item_46,animals,ló,horse,horse,Hungarian
item_47,animals,macska,cat,cat,Hungarian
item_48,animals,madár,bird,bird,Hungarian
item_49,animals,majom,monkey,monkey,Hungarian
item_50,animals,malac,pig,pig,Hungarian
item_51,animals,medve,bear,bear,Hungarian
item_52,animals,mókus,squirrel,squirrel,Hungarian
item_53,animals,nyuszi,bunny,bunny,Hungarian
item_54,animals,oroszlán,lion,lion,Hungarian
item_55,animals,őzike,roe,,Hungarian
item_56,animals,paci,foal,,Hungarian
item_57,animals,pingvin,penguin,penguin,Hungarian
item_58,animals,póni,pony,pony,Hungarian
item_59,animals,pulyka,turkey,turkey,Hungarian
item_60,animals,szamár,donkey,donkey,Hungarian
item_61,animals,szarvas,deer,deer,Hungarian
item_62,animals,tehén,cow,cow,Hungarian
item_63,animals,teknős,turtle,turtle,Hungarian
item_64,animals,tigris,tiger,tiger,Hungarian
item_65,animals,tyúk,hen,hen,Hungarian
item_66,animals,zebra,zebra,,Hungarian
item_67,animals,zsiráf,giraffe,giraffe,Hungarian
item_68,vehicles,autó,car (automobile),car,Hungarian
item_69,vehicles,bkocsi,stroller,stroller,Hungarian
item_70,vehicles,bicikli,bicycle,bicycle,Hungarian
item_71,vehicles,busz,bus,bus,Hungarian
item_72,vehicles,hajó,boat,boat,Hungarian
item_73,vehicles,helikopter,helicopter,,Hungarian
item_74,vehicles,kocsi,car (in general),car,Hungarian
item_75,vehicles,mentő,ambulance,ambulance,Hungarian
item_76,vehicles,metró,subway,,Hungarian
item_77,vehicles,motor,motorcycle,motorcycle,Hungarian
item_78,vehicles,repülőgép,airplane,airplane,Hungarian
item_79,vehicles,szánkó,sled,,Hungarian
item_80,vehicles,teherautó,truck,truck,Hungarian
item_81,vehicles,traktor,tractor,tractor,Hungarian
item_82,vehicles,troli,trolleybus,,Hungarian
item_83,vehicles,tűzoltó,firetruck,firetruck,Hungarian
item_84,vehicles,villamos,tram,tram,Hungarian
item_85,vehicles,vonat,train,train,Hungarian
item_86,toys,ajándék,present,present,Hungarian
item_87,toys,baba,doll,doll,Hungarian
item_88,toys,buborék,bubbles,bubbles,Hungarian
item_89,toys,ceruza,pencil,,Hungarian
item_90,toys,gereblye,rake,,Hungarian
item_91,toys,golyó,ball (hard like taws),ball,Hungarian
item_92,toys,gyurma,play dough,,Hungarian
item_93,toys,játék,toy (or game in general),,Hungarian
item_94,toys,kártya,card,,Hungarian
item_95,toys,kirakós,puzzle,,Hungarian
item_96,toys,kocka,block,block,Hungarian
item_97,toys,könyv,book,book,Hungarian
item_98,toys,kréta,chalk,,Hungarian
item_99,toys,labda,ball,ball,Hungarian
item_100,toys,lapát,shovel,shovel,Hungarian
item_101,toys,lego,Lego,,Hungarian
item_102,toys,lufi,balloon,balloon,Hungarian
item_103,toys,mese,story,,Hungarian
item_104,toys,ragasztó,glue,,Hungarian
item_105,toys,toll,pen,pen,Hungarian
item_106,toys,vödör,bucket,bucket,Hungarian
item_107,toys,zsírkréta,crayon,crayon,Hungarian
item_108,food_drink,alma,apple,apple,Hungarian
item_109,food_drink,bab,beans,beans,Hungarian
item_110,food_drink,banán,banana,banana,Hungarian
item_111,food_drink,barack,peach (also apricot),peach,Hungarian
item_112,food_drink,borsó,peas,peas,Hungarian
item_113,food_drink,chips,potato chip,,Hungarian
item_114,food_drink,cukor,candy/sugar,,Hungarian
item_115,food_drink,csirke,chicken,,Hungarian
item_116,food_drink,csoki,chocolate,chocolate,Hungarian
item_117,food_drink,dinnye,melon,,Hungarian
item_118,food_drink,dió,nuts,,Hungarian
item_119,food_drink,eper,strawberry,,Hungarian
item_120,food_drink,étel,food,food,Hungarian
item_121,food_drink,fagyi,ice cream,ice cream,Hungarian
item_122,food_drink,fánk,donut,,Hungarian
item_123,food_drink,felvágott,cold cuts,,Hungarian
item_124,food_drink,főzelék,vegetable meal,,Hungarian
item_125,food_drink,gyümölcslé,juice,juice,Hungarian
item_126,food_drink,hal,fish,fish (food),Hungarian
item_127,food_drink,hamburger,hamburger,,Hungarian
item_128,food_drink,hús,meat,meat,Hungarian
item_129,food_drink,ital,drink,,Hungarian
item_130,food_drink,jégkrém,popsicle,,Hungarian
item_131,food_drink,joghurt,yogurt,yogurt,Hungarian
item_132,food_drink,kakaó,cacao (drink),cacao,Hungarian
item_133,food_drink,kaja,food (informal),food,Hungarian
item_134,food_drink,kávé,coffee,coffee,Hungarian
item_135,food_drink,keksz,cracker,cracker,Hungarian
item_136,food_drink,kenyér,bread,bread,Hungarian
item_137,food_drink,kifli,croissant,,Hungarian
item_138,food_drink,kóla,coke,,Hungarian
item_139,food_drink,kolbász,sausage,,Hungarian
item_140,food_drink,konzerv,canned food,,Hungarian
item_141,food_drink,körte,pear,pear,Hungarian
item_142,food_drink,krumpli,potato,potato,Hungarian
item_143,food_drink,kukorica,corn,,Hungarian
item_144,food_drink,leves,soup,soup,Hungarian
item_145,food_drink,lekvár,marmalade,,Hungarian
item_146,food_drink,málna,raspberry,,Hungarian
item_147,food_drink,mandarin,mandarin,,Hungarian
item_148,food_drink,mazsola,raisin,raisin,Hungarian
item_149,food_drink,mogyoró,hazelnut,,Hungarian
item_150,food_drink,müzli,muesli,,Hungarian
item_151,food_drink,narancs,orange,,Hungarian
item_152,food_drink,nyalóka,lollipop,lollipop,Hungarian
item_153,food_drink,palacsinta,pancake,pancake,Hungarian
item_154,food_drink,paprika,paprika,,Hungarian
item_155,food_drink,paradicsom,tomato,tomato,Hungarian
item_156,food_drink,pattogatott kukorica,popcorn,,Hungarian
item_157,food_drink,perec,pretzel,pretzel,Hungarian
item_158,food_drink,pirítós,toast,toast,Hungarian
item_159,food_drink,pogi,scone,,Hungarian
item_160,food_drink,rágó,gum,,Hungarian
item_161,food_drink,rizs,rice,rice,Hungarian
item_162,food_drink,ropi,cracker stick,,Hungarian
item_163,food_drink,sajt,cheese,cheese,Hungarian
item_164,food_drink,sárgarépa,carrots,carrots,Hungarian
item_165,food_drink,só,salt,,Hungarian
item_166,food_drink,sonka,ham,ham,Hungarian
item_167,food_drink,spagetti,spaghetti,pasta,Hungarian
item_168,food_drink,sült krumpli,french fries,,Hungarian
item_169,food_drink,süti,cookie,cookie,Hungarian
item_170,food_drink,szalámi,salami,,Hungarian
item_171,food_drink,szendvizs,sandwich,sandwich,Hungarian
item_172,food_drink,szilva,plum,,Hungarian
item_173,food_drink,szóda,soda water,,Hungarian
item_174,food_drink,szósz,sauce,sauce,Hungarian
item_175,food_drink,szőlő,grapes,grapes,Hungarian
item_176,food_drink,tea,tea,tea,Hungarian
item_177,food_drink,tej,milk,milk,Hungarian
item_178,food_drink,tejberizs,milk rice,,Hungarian
item_179,food_drink,tejbegríz,milk drizzle,,Hungarian
item_180,food_drink,tészta,pasta,pasta,Hungarian
item_181,food_drink,tojás,egg,egg,Hungarian
item_182,food_drink,torta,cake,cake,Hungarian
item_183,food_drink,túró,cottage cheese,cottage cheese,Hungarian
item_184,food_drink,uborka,pickle,,Hungarian
item_185,food_drink,üdítő,soda/pop,soda,Hungarian
item_186,food_drink,vaj,butter,butter,Hungarian
item_187,food_drink,víz,water,water (beverage),Hungarian
item_188,food_drink,zsemle,buns,bun,Hungarian
item_189,clothing,bugyi,underpants,underpants,Hungarian
item_190,clothing,cipő,shoe,shoe,Hungarian
item_191,clothing,cipőfűző,shoelace,,Hungarian
item_192,clothing,csizma,boots,boots,Hungarian
item_193,clothing,dzseki,jacket,jacket,Hungarian
item_194,clothing,előke,bib,bib,Hungarian
item_195,clothing,farmer,jeans,jeans,Hungarian
item_196,clothing,gatya,pants,pants,Hungarian
item_197,clothing,gomb,button,button,Hungarian
item_198,clothing,harisnya,tights,tights,Hungarian
item_199,clothing,ing,shirt,shirt,Hungarian
item_200,clothing,kabát,coat,coat,Hungarian
item_201,clothing,kalap,hat,hat,Hungarian
item_202,clothing,kesztyű,gloves,gloves,Hungarian
item_203,clothing,nadrág,trousers,pants,Hungarian
item_204,clothing,nyaklánc,necklace,necklace,Hungarian
item_205,clothing,öv,belt,,Hungarian
item_206,clothing,papucs,slipper,slipper,Hungarian
item_207,clothing,pelenka,diaper,diaper,Hungarian
item_208,clothing,pizsama,pajamas,pajamas,Hungarian
item_209,clothing,póló,t-shirt,shirt,Hungarian
item_210,clothing,pulóver,sweater,sweater,Hungarian
item_211,clothing,rövidnadrag,shorts,shorts,Hungarian
item_212,clothing,ruha,dress,dress,Hungarian
item_213,clothing,sál,scarf,scarf,Hungarian
item_214,clothing,sapka,cap,hat,Hungarian
item_215,clothing,szandál,sandal,,Hungarian
item_216,clothing,szoknya,skirt,skirt,Hungarian
item_217,clothing,trikó,tricot,,Hungarian
item_218,clothing,tornacipő,sneaker,shoe,Hungarian
item_219,clothing,zsepi,handkerchief,tissue,Hungarian
item_220,clothing,zipzár,zipper,zipper,Hungarian
item_221,clothing,zokni,sock,sock,Hungarian
item_222,body_parts,ajak,lips,,Hungarian
item_223,body_parts,áll,chin,chin,Hungarian
item_224,body_parts,arc,face,face,Hungarian
item_225,body_parts,boka,ankle,,Hungarian
item_226,body_parts,fej,head,head,Hungarian
item_227,body_parts,fenék,buttocks/bottom,butt,Hungarian
item_228,body_parts,fog,tooth,tooth,Hungarian
item_229,body_parts,fül,ear,ear,Hungarian
item_230,body_parts,haj,hair,hair,Hungarian
item_231,body_parts,has,tummy,tummy,Hungarian
item_232,body_parts,hát,back,back,Hungarian
item_233,body_parts,kaki,poop (feces),poop,Hungarian
item_234,body_parts,kar,arm,arm,Hungarian
item_235,body_parts,kéz,hand,hand,Hungarian
item_236,body_parts,köldök,belly button,belly button,Hungarian
item_237,body_parts,köröm,nails,nails,Hungarian
item_238,body_parts,kuki,penis,penis,Hungarian
item_239,body_parts,láb,leg,leg,Hungarian
item_240,body_parts,lábfej,feet,feet,Hungarian
item_241,body_parts,lábujj,toe,toe,Hungarian
item_242,body_parts,mell,chest,,Hungarian
item_243,body_parts,nuni,vagina,vagina,Hungarian
item_244,body_parts,nyak,neck,neck,Hungarian
item_245,body_parts,nyelv,tongue,tongue,Hungarian
item_246,body_parts,orr,nose,nose,Hungarian
item_247,body_parts,pisi,pee,pee,Hungarian
item_248,body_parts,seb,wound,,Hungarian
item_249,body_parts,száj,mouth,mouth,Hungarian
item_250,body_parts,szem,eye,eye,Hungarian
item_251,body_parts,talp,sole,,Hungarian
item_252,body_parts,térd,knee,knee,Hungarian
item_253,body_parts,ujj,finger,finger,Hungarian
item_254,body_parts,váll,shoulder,,Hungarian
item_255,household,apró,penny,penny,Hungarian
item_256,household,bögre,mug,cup,Hungarian
item_257,household,cd,CD,CD,Hungarian
item_258,household,cellux,tape,,Hungarian
item_259,household,csésze,cup,cup,Hungarian
item_260,household,edény,dish,dish,Hungarian
item_261,household,doboz,box,box,Hungarian
item_262,household,felmosó,mop,,Hungarian
item_263,household,fotó,picture,picture,Hungarian
item_264,household,fényképezőgép,camera,camera,Hungarian
item_265,household,fésű,comb,,Hungarian
item_266,household,fogkefe,toothbrush,toothbrush,Hungarian
item_267,household,fogó,pliers,,Hungarian
item_268,household,gyógyszer,medicine,medicine,Hungarian
item_269,household,járóka,playpen,,Hungarian
item_270,household,kanál,spoon,spoon,Hungarian
item_271,household,kalapács,hammer,hammer,Hungarian
item_272,household,kefe,brush,brush,Hungarian
item_273,household,kés,knife,knife,Hungarian
item_274,household,konzerv,can,can (object),Hungarian
item_275,household,kosár,basket,,Hungarian
item_276,household,kulcs,keys,keys,Hungarian
item_277,household,lámpa,lamp,lamp,Hungarian
item_278,household,magnó,stereo,,Hungarian
item_279,household,mikró,microwave,,Hungarian
item_280,household,olló,scissors,scissors,Hungarian
item_281,household,óra,clock,clock,Hungarian
item_282,household,papír,paper,paper,Hungarian
item_283,household,pzs,tissue/kleenex,,Hungarian
item_284,household,párna,pillow,pillow,Hungarian
item_285,household,pénz,money,money,Hungarian
item_286,household,tárca,purse,purse,Hungarian
item_287,household,pohár,glass,glass,Hungarian
item_288,household,porszívó,vacuum,vacuum,Hungarian
item_289,household,rádió,radio,radio,Hungarian
item_290,household,seprű,broom,broom,Hungarian
item_291,household,szalvéta,napkin,,Hungarian
item_292,household,szappan,soap,soap,Hungarian
item_293,household,szemét,garbage/trash,trash,Hungarian
item_294,household,szemüveg,glasses,glasses,Hungarian
item_295,household,szög,nail,nail,Hungarian
item_296,household,takaró,blanket,blanket,Hungarian
item_297,household,tál,bowl,bowl,Hungarian
item_298,household,tálca,tray,,Hungarian
item_299,household,tányér,plate,plate,Hungarian
item_300,household,telefon,telephone,telephone,Hungarian
item_301,household,tv,TV,tv,Hungarian
item_302,household,törülköző,towel,towel,Hungarian
item_303,household,üveg,bottle,bottle,Hungarian
item_304,household,videó,video,,Hungarian
item_305,household,villa,fork,fork,Hungarian
item_306,household,villanykörte,light bulb,,Hungarian
item_307,household,vödör,bucket,bucket,Hungarian
item_308,furniture_rooms,ablak,window,window,Hungarian
item_309,furniture_rooms,ágy,bed,bed,Hungarian
item_310,furniture_rooms,ajtó,door,door,Hungarian
item_311,furniture_rooms,asztal,table,table,Hungarian
item_312,furniture_rooms,bölcső,crib,crib,Hungarian
item_313,furniture_rooms,erkély,balcony,,Hungarian
item_314,furniture_rooms,etetőszék,high chair,high chair,Hungarian
item_315,furniture_rooms,fiók,drawer,drawer,Hungarian
item_316,furniture_rooms,fotel,armchair,armchair,Hungarian
item_317,furniture_rooms,fürdőkád,bathtub,bathtub,Hungarian
item_318,furniture_rooms,fürdőszoba,bathroom,bathroom,Hungarian
item_319,furniture_rooms,garázs,garage,garage,Hungarian
item_320,furniture_rooms,gyerekágy,cot,,Hungarian
item_321,furniture_rooms,hálószoba,bedroom,bedroom,Hungarian
item_322,furniture_rooms,hintaszék,rocking chair,rocking chair,Hungarian
item_323,furniture_rooms,hűtő,refrigerator,refrigerator,Hungarian
item_324,furniture_rooms,kanapé,sofa,,Hungarian
item_325,furniture_rooms,konyha,kitchen,kitchen,Hungarian
item_326,furniture_rooms,lépcső,stairs,stairs,Hungarian
item_327,furniture_rooms,mosdó,washbasin,,Hungarian
item_328,furniture_rooms,mosogató,sink,sink,Hungarian
item_329,furniture_rooms,mosógép,washing machine,washing machine,Hungarian
item_330,furniture_rooms,nappali,living room,living room,Hungarian
item_331,furniture_rooms,pad,bench,,Hungarian
item_332,furniture_rooms,padlás,attic,,Hungarian
item_333,furniture_rooms,pince,basement,,Hungarian
item_334,furniture_rooms,polc,shelf,,Hungarian
item_335,furniture_rooms,porszívó,vacuum cleaner,,Hungarian
item_336,furniture_rooms,sütő,oven,oven,Hungarian
item_337,furniture_rooms,hajszárító,dryer,,Hungarian
item_338,furniture_rooms,szék,chair,chair,Hungarian
item_339,furniture_rooms,szekrény,closet,closet,Hungarian
item_340,furniture_rooms,szoba,room,room,Hungarian
item_341,furniture_rooms,szőnyeg,mat,,Hungarian
item_342,furniture_rooms,tűzhely,stove,stove,Hungarian
item_343,furniture_rooms,wc,toilet,,Hungarian
item_344,furniture_rooms,zuhany,shower,shower,Hungarian
item_345,outside,állatkert,zoo,zoo,Hungarian
item_346,outside,áruház,supermarket,,Hungarian
item_347,outside,bent,inside,inside,Hungarian
item_348,outside,benzinkút,gas station,,Hungarian
item_349,outside,bolt,store,store,Hungarian
item_350,outside,bot,stick,stick,Hungarian
item_351,outside,cirkusz,circus,,Hungarian
item_352,outside,csillag,star,star,Hungarian
item_353,outside,csúszda,slide,,Hungarian
item_354,outside,dolgozó,workplace,,Hungarian
item_355,outside,ég,sky,sky,Hungarian
item_356,outside,erdő,woods,,Hungarian
item_357,outside,eső,rain,rain,Hungarian
item_358,outside,fa,tree,tree,Hungarian
item_359,outside,falu,village,village,Hungarian
item_360,outside,felhő,cloud,cloud,Hungarian
item_361,outside,fű,grass,grass,Hungarian
item_362,outside,fűnyírógép,lawn mower,lawn mower,Hungarian
item_363,outside,ház,house,house,Hungarian
item_364,outside,hinta,swing,swing (object),Hungarian
item_365,outside,hó,snow,snow,Hungarian
item_366,outside,hóember,snowman,snowman,Hungarian
item_367,outside,hold,moon,moon,Hungarian
item_368,outside,iskola,school,school,Hungarian
item_369,outside,járda,sidewalk,,Hungarian
item_370,outside,játszótér,playground,playground,Hungarian
item_371,outside,kemping,camping,,Hungarian
item_372,outside,kert,garden,garden,Hungarian
item_373,outside,kint,outside,outside,Hungarian
item_374,outside,kirándulás,excursion,,Hungarian
item_375,outside,központ,downtown,,Hungarian
item_376,outside,kő,stone,stone,Hungarian
item_377,outside,létra,ladder,ladder,Hungarian
item_378,outside,locsoló,hose/sprinkler,,Hungarian
item_379,outside,mászóka,playground climber,,Hungarian
item_380,outside,mozi,movie,movie,Hungarian
item_381,outside,nap,sun,sun,Hungarian
item_382,outside,otthon,home,home,Hungarian
item_383,outside,park,park,park,Hungarian
item_384,outside,piac,market,market,Hungarian
item_385,outside,pláza,plaza,,Hungarian
item_386,outside,strand,beach,beach,Hungarian
item_387,outside,szél,wind,wind,Hungarian
item_388,outside,szikla,rock,rock,Hungarian
item_389,outside,templom,church,church,Hungarian
item_390,outside,tető,roof,roof,Hungarian
item_391,outside,udvar,yard/backyard,,Hungarian
item_392,outside,uszoda,swimming pool,pool,Hungarian
item_393,outside,utca,street,street,Hungarian
item_394,outside,vidék,country,country,Hungarian
item_395,outside,virág,flower,flower,Hungarian
item_396,outside,víz,water,water (not beverage),Hungarian
item_397,outside,zászló,flag,,Hungarian
item_398,people,*anya,mommy,mommy,Hungarian
item_399,people,*apu,daddy,daddy,Hungarian
item_400,people,baba,baby,baby,Hungarian
item_401,people,bácsi,uncle (also used as 'mr' with first names e.g. Péter bácsi),uncle,Hungarian
item_402,people,barát,friend,friend,Hungarian
item_403,people,bohóc,clown,clown,Hungarian
item_404,people,gyerek,child,child,Hungarian
item_405,people,ember,person,person,Hungarian
item_406,people,férfi,man,man,Hungarian
item_407,people,fiú,boy,boy,Hungarian
item_408,people,a gyerek neve,child's own name,child's own name,Hungarian
item_409,people,a háziállat neve,pet's name,pet's name,Hungarian
item_410,people,húg/nővér,sister,sister,Hungarian
item_411,people,lány,girl,girl,Hungarian
item_412,people,*nagymama,grandma,grandma,Hungarian
item_413,people,*nagybácsi,uncle,uncle,Hungarian
item_414,people,*nagynéni,aunt,aunt,Hungarian
item_415,people,*nagypapa,grandpa,grandpa,Hungarian
item_416,people,néni,lady,lady,Hungarian
item_417,people,öcs/báty,brother,brother,Hungarian
item_418,people,orvos / doktor,doctor,doctor,Hungarian
item_419,people,**óvónéni,kindergarten teacher,teacher,Hungarian
item_420,people,** az óvónéni neve,name of the child's kindergarten teacher,,Hungarian
item_421,people,postás,mailman,,Hungarian
item_422,people,rendőr,police,policeman,Hungarian
item_423,people,tanár,teacher,teacher,Hungarian
item_424,people,tűzoltó,fireman,,Hungarian
item_425,games_routines,*bújócska / kukucs,peekaboo,peekaboo,Hungarian
item_426,games_routines,*csapj bele! / pacsi,give me five!,,Hungarian
item_427,games_routines,csókolom,handkiss (as a greeting toward adults),hello,Hungarian
item_428,games_routines,ebéd,lunch,lunch,Hungarian
item_429,games_routines,*ez elment vadászni,this little piggy,,Hungarian
item_430,games_routines,fogócska,tag (game),,Hungarian
item_431,games_routines,fürdés,bath,bath,Hungarian
item_432,games_routines,halló,hallo (answering the telephone),hello,Hungarian
item_433,games_routines,helló,hello,hello,Hungarian
item_434,games_routines,igen,yes,yes,Hungarian
item_435,games_routines,jó éjt!,night night,good night,Hungarian
item_436,games_routines,jó estét!,good night,good night,Hungarian
item_437,games_routines,jó étvágyat!,good appetite,,Hungarian
item_438,games_routines,jó napot!,good morning (during the day),good morning,Hungarian
item_439,games_routines,jó reggelt!,good morning (during the morning),good morning,Hungarian
item_440,games_routines,kérem,please,please,Hungarian
item_441,games_routines,kész,ready (done),,Hungarian
item_442,games_routines,köszönöm / kösz(i),thank you,thank you,Hungarian
item_443,games_routines,nem,no,no,Hungarian
item_444,games_routines,pisilni kell,go potty,go potty,Hungarian
item_445,games_routines,psszt,shh/shush/hush,shh,Hungarian
item_446,games_routines,reggeli,breakfast,breakfast,Hungarian
item_447,games_routines,szia,hi,hi,Hungarian
item_448,games_routines,szívesen,you're welcome,,Hungarian
item_449,games_routines,*szundi,nap,nap,Hungarian
item_450,games_routines,telefon!,call (on phone),,Hungarian
item_451,games_routines,tízórai,mid-morning snack,,Hungarian
item_452,games_routines,vacsora,dinner,dinner,Hungarian
item_453,games_routines,vásárlás,shopping,,Hungarian
item_454,games_routines,viszlát,bye,bye,Hungarian
item_455,action_words,abbahagy,stop (doing sg),stop,Hungarian
item_456,action_words,ad,give,give,Hungarian
item_457,action_words,akar,want,,Hungarian
item_458,action_words,áll,stand,stand,Hungarian
item_459,action_words,alszik,sleep,sleep,Hungarian
item_460,action_words,bánt,hurt (active),hurt,Hungarian
item_461,action_words,befejez,finish,finish,Hungarian
item_462,action_words,beszél,talk,talk,Hungarian
item_463,action_words,bezár,close,close,Hungarian
item_464,action_words,biciklizik,ride bicycle,,Hungarian
item_465,action_words,csepeg,drip,,Hungarian
item_466,action_words,cseppent,drop (liquid),drop,Hungarian
item_467,action_words,csiklandoz / csikiz,tickle,tickle,Hungarian
item_468,action_words,csinál,make/do,,Hungarian
item_469,action_words,csuk,close,close,Hungarian
item_470,action_words,csúszik,slide,,Hungarian
item_471,action_words,csücsül,sit (IDS word),sit,Hungarian
item_472,action_words,dob/eldob,throw,throw,Hungarian
item_473,action_words,dolgozik,work,,Hungarian
item_474,action_words,eldug,hide,hide,Hungarian
item_475,action_words,elesik,fall,fall,Hungarian
item_476,action_words,elfelejt,forget,,Hungarian
item_477,action_words,eloszt,share,,Hungarian
item_478,action_words,eltép,tear,tear,Hungarian
item_479,action_words,eltör,break,break,Hungarian
item_480,action_words,elvesz,take,take,Hungarian
item_481,action_words,enged,allow,,Hungarian
item_482,action_words,esik,drop,drop,Hungarian
item_483,action_words,énekel,sing,sing,Hungarian
item_484,action_words,épít,build,,Hungarian
item_485,action_words,eszik,eat,eat,Hungarian
item_486,action_words,etet,feed,feed,Hungarian
item_487,action_words,fáj,hurt (as a feeling),hurt,Hungarian
item_488,action_words,fázik,feel cold,,Hungarian
item_489,action_words,fél,feel scared,,Hungarian
item_490,action_words,felébred,wake,wake,Hungarian
item_491,action_words,felkel,get up,get up,Hungarian
item_492,action_words,figyel,pay attention / listen,,Hungarian
item_493,action_words,főz,cook,,Hungarian
item_494,action_words,fröcsköl,splash,splash,Hungarian
item_495,action_words,fúj,blow,blow,Hungarian
item_496,action_words,fut,run,run,Hungarian
item_497,action_words,fürdik,take bath,,Hungarian
item_498,action_words,gondol,think,,Hungarian
item_499,action_words,hagy,let,,Hungarian
item_500,action_words,hall,hear,hear,Hungarian
item_501,action_words,hallgat,listen,,Hungarian
item_502,action_words,harap,bite,bite,Hungarian
item_503,action_words,hív,call,,Hungarian
item_504,action_words,hintázik,swing,,Hungarian
item_505,action_words,hoz,bring,bring,Hungarian
item_506,action_words,hozzányúl/ér,touch,touch,Hungarian
item_507,action_words,húz,pull,pull,Hungarian
item_508,action_words,ír,write,write,Hungarian
item_509,action_words,itat,water (= give drink),,Hungarian
item_510,action_words,jár,walk,walk,Hungarian
item_511,action_words,iszik,drink,,Hungarian
item_512,action_words,játszik,play,play,Hungarian
item_513,action_words,jön,come,come,Hungarian
item_514,action_words,kakil,poop,poop,Hungarian
item_515,action_words,kap,get,get,Hungarian
item_516,action_words,kapcsol,switch,,Hungarian
item_517,action_words,kér,ask (to do sg),,Hungarian
item_518,action_words,kerget,chase,,Hungarian
item_519,action_words,kinyit,open,open,Hungarian
item_520,action_words,kopog,knock,,Hungarian
item_521,action_words,kóstol,taste,,Hungarian
item_522,action_words,labdázik,play ball,,Hungarian
item_523,action_words,lát,see,see,Hungarian
item_524,action_words,lesz,will' (future tense of verb 'be'),,Hungarian
item_525,action_words,lép,step,,Hungarian
item_526,action_words,lovagol,ride,ride,Hungarian
item_527,action_words,lök,bump,bump (action),Hungarian
item_528,action_words,marad,stay,,Hungarian
item_529,action_words,mászik,climb,climb,Hungarian
item_530,action_words,megáll,stop (moving),stop,Hungarian
item_531,action_words,megcsinál,make/do (perfective),,Hungarian
item_532,action_words,megfog,catch,catch,Hungarian
item_533,action_words,megnő,grow,,Hungarian
item_534,action_words,megölel,hug,hug,Hungarian
item_535,action_words,megüt,hit,hit,Hungarian
item_536,action_words,megy,go,go,Hungarian
item_537,action_words,mos,wash,wash,Hungarian
item_538,action_words,mosogat,wash (dishes),wash,Hungarian
item_539,action_words,mesél,tell a story,,Hungarian
item_540,action_words,mond,say,say,Hungarian
item_541,action_words,mosolyog,smile,smile,Hungarian
item_542,action_words,mutat,show,show,Hungarian
item_543,action_words,nevet,laugh,laugh,Hungarian
item_544,action_words,néz,look/watch,,Hungarian
item_545,action_words,nyal,lick,lick,Hungarian
item_546,action_words,olvas,read,read,Hungarian
item_547,action_words,önt,pour,,Hungarian
item_548,action_words,nincs,not exist (negative of verb 'be'),,Hungarian
item_549,action_words,pisil,pee,pee,Hungarian
item_550,action_words,puszil,kiss,kiss,Hungarian
item_551,action_words,rajzol,draw,draw,Hungarian
item_552,action_words,rak,put,put,Hungarian
item_553,action_words,ráz,shake,shake,Hungarian
item_554,action_words,rúg,kick,kick,Hungarian
item_555,action_words,segít,help,help,Hungarian
item_556,action_words,sétál,walk,walk,Hungarian
item_557,action_words,siet,hurry,hurry,Hungarian
item_558,action_words,sikerül,succeed,,Hungarian
item_559,action_words,sír,cry,cry,Hungarian
item_560,action_words,söpör,sweep,sweep,Hungarian
item_561,action_words,szakít,rip,,Hungarian
item_562,action_words,szalad,run,run,Hungarian
item_563,action_words,szárít,dry,,Hungarian
item_564,action_words,takar,cover,cover,Hungarian
item_565,action_words,takarít,clean,,Hungarian
item_566,action_words,szeret,love,love,Hungarian
item_567,action_words,talál,find,find,Hungarian
item_568,action_words,táncol,dance,dance,Hungarian
item_569,action_words,tapsol,clap,clap,Hungarian
item_570,action_words,tart,hold,hold,Hungarian
item_571,action_words,tesz,put,put,Hungarian
item_572,action_words,tetszik,like,,Hungarian
item_573,action_words,tisztít,clean,,Hungarian
item_574,action_words,tol,push,push,Hungarian
item_575,action_words,tör,break,break,Hungarian
item_576,action_words,töröl,wipe,wipe,Hungarian
item_577,action_words,ugrik,jump,jump,Hungarian
item_578,action_words,ül,sit,sit,Hungarian
item_579,action_words,üldöz,chase,,Hungarian
item_580,action_words,úszik,swim,swim,Hungarian
item_581,action_words,üt,hit,hit,Hungarian
item_582,action_words,vág,cut,,Hungarian
item_583,action_words,válaszol,answer,,Hungarian
item_584,action_words,választ,choose,,Hungarian
item_585,action_words,van,be (present tense),be,Hungarian
item_586,action_words,vár,wait,wait,Hungarian
item_587,action_words,vásárol,buy,buy,Hungarian
item_588,action_words,vesz,buy/take,,Hungarian
item_589,action_words,vezet,drive,drive,Hungarian
item_590,action_words,visz,carry,carry,Hungarian
item_591,action_words,zúg,roar,,Hungarian
item_592,verb_modifiers,át-,through,,Hungarian
item_593,verb_modifiers,be-,in,in,Hungarian
item_594,verb_modifiers,bele-,into,,Hungarian
item_595,verb_modifiers,el-,away,away,Hungarian
item_596,verb_modifiers,fel-,up,up,Hungarian
item_597,verb_modifiers,haza-,home,home,Hungarian
item_598,verb_modifiers,ide-,here,here,Hungarian
item_599,verb_modifiers,ki-,out,out,Hungarian
item_600,verb_modifiers,le-,down,down,Hungarian
item_601,verb_modifiers,neki-,to,to,Hungarian
item_602,verb_modifiers,meg-,(perfective),,Hungarian
item_603,verb_modifiers,oda-,there,there,Hungarian
item_604,verb_modifiers,össze-,together,,Hungarian
item_605,verb_modifiers,rá-,onto,,Hungarian
item_606,verb_modifiers,szét-,apart,,Hungarian
item_607,verb_modifiers,vissza-,back,back,Hungarian
item_608,descriptive_words,álmos,sleepy,sleepy,Hungarian
item_609,descriptive_words,aranyos,cute,cute,Hungarian
item_610,descriptive_words,barna,brown,,Hungarian
item_611,descriptive_words,beteg,sick,sick,Hungarian
item_612,descriptive_words,boldog,happy,happy,Hungarian
item_613,descriptive_words,büdös,smelly,,Hungarian
item_614,descriptive_words,buta,stupid,,Hungarian
item_615,descriptive_words,csendes,quiet,,Hungarian
item_616,descriptive_words,dühös,mad,,Hungarian
item_617,descriptive_words,ébren,awake,,Hungarian
item_618,descriptive_words,egyedül,alone,,Hungarian
item_619,descriptive_words,együtt,together,,Hungarian
item_620,descriptive_words,éhes,hungry,hungry,Hungarian
item_621,descriptive_words,első,first,,Hungarian
item_622,descriptive_words,erős,strong,,Hungarian
item_623,descriptive_words,fájdalmas,painful,,Hungarian
item_624,descriptive_words,fáradt,tired,tired,Hungarian
item_625,descriptive_words,fehér,white,white,Hungarian
item_626,descriptive_words,fekete,black,black,Hungarian
item_627,descriptive_words,forró,hot,hot,Hungarian
item_628,descriptive_words,gyenge,weak,,Hungarian
item_629,descriptive_words,gyors,fast,fast,Hungarian
item_630,descriptive_words,hangos,loud,loud,Hungarian
item_631,descriptive_words,hideg,cold,cold,Hungarian
item_632,descriptive_words,hosszú,long,,Hungarian
item_633,descriptive_words,huncut,naughty,naughty,Hungarian
item_634,descriptive_words,hülye,stupid,,Hungarian
item_635,descriptive_words,ijedt,scared,scared,Hungarian
item_636,descriptive_words,jó,good,good,Hungarian
item_637,descriptive_words,jobb,better,,Hungarian
item_638,descriptive_words,kedves,nice/gentle,,Hungarian
item_639,descriptive_words,kék,blue,blue,Hungarian
item_640,descriptive_words,kemény,hard,hard,Hungarian
item_641,descriptive_words,kicsi,little,,Hungarian
item_642,descriptive_words,kövér / dagi,fat,fat,Hungarian
item_643,descriptive_words,lassú,slow,slow,Hungarian
item_644,descriptive_words,lila,purple,,Hungarian
item_645,descriptive_words,magas,high,high,Hungarian
item_646,descriptive_words,maszatos,smudgy,,Hungarian
item_647,descriptive_words,meleg,warm,warm,Hungarian
item_648,descriptive_words,mérges,angry,angry,Hungarian
item_649,descriptive_words,nagy,big,big,Hungarian
item_650,descriptive_words,narancssárga,orange,orange (food),Hungarian
item_651,descriptive_words,nehéz,heavy,heavy,Hungarian
item_652,descriptive_words,okos,clever,,Hungarian
item_653,descriptive_words,öreg,old,old,Hungarian
item_654,descriptive_words,pici,tiny,small,Hungarian
item_655,descriptive_words,piros,red,red,Hungarian
item_656,descriptive_words,piszkos,dirty,dirty,Hungarian
item_657,descriptive_words,puha,soft,soft,Hungarian
item_658,descriptive_words,ragadós,sticky,,Hungarian
item_659,descriptive_words,rendes,neat,,Hungarian
item_660,descriptive_words,rossz,bad,bad,Hungarian
item_661,descriptive_words,sárga,yellow,yellow,Hungarian
item_662,descriptive_words,sáros,muddy,,Hungarian
item_663,descriptive_words,sötét,dark,dark,Hungarian
item_664,descriptive_words,száraz,dry,,Hungarian
item_665,descriptive_words,szegény,poor,,Hungarian
item_666,descriptive_words,szeles,windy,,Hungarian
item_667,descriptive_words,szép,pretty,pretty,Hungarian
item_668,descriptive_words,szomjas,thirsty,thirsty,Hungarian
item_669,descriptive_words,szomorú,sad,sad,Hungarian
item_670,descriptive_words,teli,full,full,Hungarian
item_671,descriptive_words,tiszta,clean,,Hungarian
item_672,descriptive_words,törött,broken,broken,Hungarian
item_673,descriptive_words,új,new,new,Hungarian
item_674,descriptive_words,undorító,yucky,yucky,Hungarian
item_675,descriptive_words,ügyes,smart (skillful),smart,Hungarian
item_676,descriptive_words,üres,empty,empty,Hungarian
item_677,descriptive_words,utolsó,last,,Hungarian
item_678,descriptive_words,vizes,wet,wet,Hungarian
item_679,descriptive_words,zajos,noisy,,Hungarian
item_680,descriptive_words,zöld,green,green,Hungarian
item_681,quantifiers,egy,one,one,Hungarian
item_682,quantifiers,három,three,three,Hungarian
item_683,quantifiers,kettő,two,two,Hungarian
item_684,quantifiers,négy,four,four,Hungarian
item_685,quantifiers,két,two,two,Hungarian
item_686,quantifiers,öt,five,five,Hungarian
item_687,time_words,délelőtt,mid-morning,,Hungarian
item_688,time_words,délután,afternoon,,Hungarian
item_689,time_words,éjszaka / éjjel,night,night,Hungarian
item_690,time_words,előbb,just,,Hungarian
item_691,time_words,előtt,before,,Hungarian
item_692,time_words,este,evening,evening,Hungarian
item_693,time_words,hamar,soon,,Hungarian
item_694,time_words,holnap,tomorrow,tomorrow,Hungarian
item_695,time_words,idő,time,time,Hungarian
item_696,time_words,később,later,later,Hungarian
item_697,time_words,ma,today,today,Hungarian
item_698,time_words,majd,later,later,Hungarian
item_699,time_words,mindjárt,in a minute,,Hungarian
item_700,time_words,most,now,now,Hungarian
item_701,time_words,nap,day,day,Hungarian
item_702,time_words,reggel,morning,morning,Hungarian
item_703,time_words,rögtön,right away,,Hungarian
item_704,time_words,tegnap,yesterday,yesterday,Hungarian
item_705,time_words,után,after,after,Hungarian
item_706,pronouns,az,that,that,Hungarian
item_707,pronouns,azok,those,those,Hungarian
item_708,pronouns,én,I,i,Hungarian
item_709,pronouns,engem,me,me,Hungarian
item_710,pronouns,enyém,mine,mine,Hungarian
item_711,pronouns,ez,this,this,Hungarian
item_712,pronouns,ezek,these,these,Hungarian
item_713,pronouns,mi,we,we,Hungarian
item_714,pronouns,mienk,our,our,Hungarian
item_715,pronouns,minket,us,us,Hungarian
item_716,pronouns,nála,at her/him,,Hungarian
item_717,pronouns,neki,to her/him,,Hungarian
item_718,pronouns,övé,his/hers,,Hungarian
item_719,pronouns,ő,he/she,,Hungarian
item_720,pronouns,ők,they,they,Hungarian
item_721,pronouns,őket,them,them,Hungarian
item_722,pronouns,őt,him/her,,Hungarian
item_723,pronouns,rajta,on him/her,,Hungarian
item_724,pronouns,te,you,you,Hungarian
item_725,pronouns,téged,you (accusative),you,Hungarian
item_726,pronouns,tiéd,your,your,Hungarian
item_727,pronouns,ti,you (plural),you,Hungarian
item_728,pronouns,titeket,you (plural & accusative),you,Hungarian
item_729,pronouns,vele,with her/him,,Hungarian
item_730,question_words,hogy,how/that,,Hungarian
item_731,question_words,hogyan,how,how,Hungarian
item_732,question_words,hol,where,where,Hungarian
item_733,question_words,honnan,from where,,Hungarian
item_734,question_words,hova,where to,,Hungarian
item_735,question_words,ki,who,who,Hungarian
item_736,question_words,kié,whose,whose,Hungarian
item_737,question_words,kik,who (plural),who,Hungarian
item_738,question_words,kinek,to whom,,Hungarian
item_739,question_words,kiről,about who,,Hungarian
item_740,question_words,kit,who (accusative),who,Hungarian
item_741,question_words,kivel,with whom,,Hungarian
item_742,question_words,melyik,which,,Hungarian
item_743,question_words,merre,which way,,Hungarian
item_744,question_words,mi,what,what,Hungarian
item_745,question_words,miért,why,why,Hungarian
item_746,question_words,mik,what (plural),what,Hungarian
item_747,question_words,mikor,when,,Hungarian
item_748,question_words,miről,about what,,Hungarian
item_749,question_words,mit,what (accusative),what,Hungarian
item_750,question_words,mivel,with what,,Hungarian
item_751,question_words,ugye,right?,,Hungarian
item_752,locations,alá,under (as goal),under,Hungarian
item_753,locations,alatt,under (as place),under,Hungarian
item_754,locations,bent,inside/in,,Hungarian
item_755,locations,fent,upstairs,,Hungarian
item_756,locations,fölé,above (as goal),above,Hungarian
item_757,locations,fölött,above (as place),above,Hungarian
item_758,locations,itt,here,here,Hungarian
item_759,locations,kint,outside,outside,Hungarian
item_760,locations,körül,around,,Hungarian
item_761,locations,lent,downstairs,,Hungarian
item_762,locations,mellé,next to (as goal),,Hungarian
item_763,locations,mellett,next to (as place),,Hungarian
item_764,locations,miatt,because of,,Hungarian
item_765,locations,mögött,behind (as place),,Hungarian
item_766,locations,mögé,behind (as goal),,Hungarian
item_767,locations,ott,there,there,Hungarian
item_768,quantifiers,a,the (definite article 1),the,Hungarian
item_769,quantifiers,az,the (definite article 2),the,Hungarian
item_770,quantifiers,egész,whole,,Hungarian
item_771,quantifiers,egyforma,same,same,Hungarian
item_772,quantifiers,egyik,one,,Hungarian
item_773,quantifiers,kevés,few,,Hungarian
item_774,quantifiers,kevesebb,less,,Hungarian
item_775,quantifiers,más,other,other,Hungarian
item_776,quantifiers,másik,another,another,Hungarian
item_777,quantifiers,mind,all/every,all,Hungarian
item_778,quantifiers,semmi,none,none,Hungarian
item_779,quantifiers,sok,a lot / much /many,many,Hungarian
item_780,quantifiers,több,more,more,Hungarian
item_781,quantifiers,túl,too,,Hungarian
item_782,quantifiers,valami,something,,Hungarian
item_783,quantifiers,valamilyen,some kind of,,Hungarian
item_784,helping_verbs,fog (valamit csinálni),will,,Hungarian
item_785,helping_verbs,kell,must/have to,,Hungarian
item_786,helping_verbs,lehet,might,,Hungarian
item_787,helping_verbs,lenne,would,,Hungarian
item_788,helping_verbs,próbál,try,,Hungarian
item_789,helping_verbs,szabad (valamit csinálni),can,can,Hungarian
item_790,helping_verbs,szokott,used to,,Hungarian
item_791,helping_verbs,tilos,must not,,Hungarian
item_792,helping_verbs,tud (valamit csinálni),able to,,Hungarian
item_793,helping_verbs,volna,would,,Hungarian
item_794,connecting_words,aztán,then,,Hungarian
item_795,connecting_words,de,but,,Hungarian
item_796,connecting_words,és,and,,Hungarian
item_797,connecting_words,ha,if,,Hungarian
item_798,connecting_words,hanem,but,,Hungarian
item_799,connecting_words,hogy,that,that,Hungarian
item_800,connecting_words,inkább,rather,,Hungarian
item_801,connecting_words,mert,because,,Hungarian
item_802,connecting_words,pedig,even though,,Hungarian